x,y,curvature,max_speed
-2.968750000000000000e-01,-4.781250000000000000e+00,0.000000000000000000e+00,4.700000000000000000e+01
-3.271935200075006267e-01,-4.482785953011832802e+00,0.000000000000000000e+00,4.700000000000000000e+01
-3.324263225911166519e-01,-4.182831593521724400e+00,2.792216363845139715e-01,9.371950239699103236e+00
-3.277178929834189680e-01,-3.882868544646318032e+00,1.104581776544191346e-01,1.490066225997608917e+01
-3.198252435065872534e-01,-3.582972385810903937e+00,3.538802624541868835e-02,2.632548237220491316e+01
-3.094606642141525255e-01,-3.283151480108698284e+00,2.747861131687365926e-02,2.987494521189086782e+01
-2.453106698311038336e-01,-2.990090431484602185e+00,6.023171864635644690e-01,6.381046071929880270e+00
-2.093853000961793942e-01,-2.692249252650296132e+00,3.180727227494782872e-01,8.780945764985354174e+00
-1.851185908753995857e-01,-2.393232318642213308e+00,1.301977438183598013e-01,1.372469742611697185e+01
-1.654116659589659755e-01,-2.093880289902907865e+00,5.080089600284447976e-02,2.197196112269690715e+01
-1.473685155021876581e-01,-1.794423373600087857e+00,1.852308154204309124e-02,3.638713723579360959e+01
-1.306956899967952057e-01,-1.494887037090363524e+00,1.525138342904282067e-02,4.010050927746564042e+01
-1.140295159688271276e-01,-1.195350330419428841e+00,7.401965622039190652e-05,4.700000000000000000e+01
-9.766390628908994120e-02,-8.957970516528452887e-01,3.344676286062648815e-03,4.700000000000000000e+01
-8.103513278222725102e-02,-5.962582663651008197e-01,2.928473686142850016e-03,4.700000000000000000e+01
-6.452162560395528768e-02,-2.967131043599814944e-01,1.282695332290489107e-03,4.700000000000000000e+01
-4.771457283859567577e-02,2.815730608110467159e-03,3.266658803805596711e-03,4.700000000000000000e+01
-3.106151909222619814e-02,3.023531670011606054e-01,1.713767134072370982e-03,4.700000000000000000e+01
-1.293205640240463125e-02,6.018048702565910180e-01,1.643217838063856795e-02,3.863286688239598021e+01
-3.464586296833671586e-02,9.010180227155317745e-01,4.427109264281856027e-01,7.442937765268966999e+00
4.483436280794768358e-02,1.190297980041563841e+00,1.129782047549960255e+00,4.659155156451557644e+00
8.941883989040799730e-02,1.486966523037418941e+00,3.963264141536835261e-01,7.866435735469789137e+00
1.204230477614739309e-01,1.785360120646831028e+00,1.521043847526181991e-01,1.269795083341679032e+01
1.459184645512990597e-01,2.084274796972221733e+00,6.148200801266118232e-02,1.997241062640313203e+01
1.688943535302627474e-01,2.383393683914564853e+00,2.808655573509729469e-02,2.954984897729712756e+01
1.905846859574600871e-01,2.682608538958891842e+00,1.432370703624452277e-02,4.137869531995855255e+01
2.119351306883326957e-01,2.981847838700409703e+00,3.786284367535223180e-03,4.700000000000000000e+01
2.339648167868149387e-01,3.281037900250592720e+00,7.566929634193312465e-03,4.700000000000000000e+01
2.575547948939838072e-01,3.580108983662050992e+00,1.738690776689786471e-02,3.755721089679912694e+01
2.772420563653303360e-01,3.879462306235492264e+00,4.347676559007575270e-02,2.375067156970700566e+01
2.525650824207337219e-01,4.178445661887504770e+00,4.929530891417226446e-01,7.053451943695514537e+00
2.440388420373430789e-01,4.478324476119062147e+00,1.797282037927808440e-01,1.168144022600904819e+01
2.433473929864861107e-01,4.778323679281687220e+00,8.706351358283814790e-02,1.678364995352093203e+01
2.473665571727946544e-01,5.078296755272256213e+00,5.234095214561194920e-02,2.164630127332507215e+01
2.565572842706432266e-01,5.378155939782940820e+00,5.747574283515256843e-02,2.065676037341484417e+01
2.726804389824560304e-01,5.677722366276530153e+00,7.709562755164531267e-02,1.783567844955451775e+01
2.873141246450091058e-01,5.977365245791344428e+00,1.657144320952178354e-02,3.847019091787564093e+01
3.048577880152897324e-01,6.276851839607411776e+00,3.237968323363023954e-02,2.752125346657680893e+01
3.271282202015049489e-01,6.576024077373952004e+00,5.263567203886548168e-02,2.158561475914203243e+01
3.521914691849903356e-01,6.874975300068210338e+00,3.112831533311147258e-02,2.806898441555719970e+01
3.792500023164967482e-01,7.173752534449899798e+00,2.225395169269607856e-02,3.319716045206723010e+01
4.092092403518813870e-01,7.472252859502217071e+00,3.237657992929331846e-02,2.752257239493425089e+01
4.421470126388314381e-01,7.770439215925130760e+00,3.327818138903587686e-02,2.714717957340594268e+01
4.956113574494096508e-01,8.065636715633335285e+00,2.304781514052128832e-01,1.031548441033930885e+01
5.332113323121927539e-01,8.363271125422119923e+00,1.783382708147761564e-01,1.172687328352633074e+01
5.646614822821016677e-01,8.661618051109096328e+00,6.878847979751659403e-02,1.888194168961908304e+01
5.945384651699209266e-01,8.960126620321975821e+00,1.757166383889615519e-02,3.735924276305222946e+01
6.243980760623021320e-01,9.258636927744275269e+00,1.939860137906051552e-04,4.700000000000000000e+01
6.539525527140268579e-01,9.557177599864244755e+00,3.407126148117739766e-03,4.700000000000000000e+01
6.829796970522206134e-01,9.855770005815182699e+00,5.887376724014624883e-03,4.700000000000000000e+01
7.274345328984107573e-01,1.015245800282532151e+01,1.727198683516850131e-01,1.191607859063910446e+01
7.563211921987362807e-01,1.045106403242698079e+01,1.742876046481579844e-01,1.186236430330417235e+01
7.812001136341142349e-01,1.075003065141346958e+01,4.471029861546653439e-02,2.342074592634321561e+01
8.086918859090623801e-01,1.104876833309621631e+01,2.914290418026751692e-02,2.900935641086888239e+01
8.964773092679435562e-01,1.133563715232497415e+01,6.827860732687421885e-01,5.993247058339067124e+00
9.508059328169838897e-01,1.163067681180021573e+01,3.826677125823771397e-01,8.005594673909996573e+00
9.911902471778979429e-01,1.192794623026366807e+01,1.569050919708563918e-01,1.250218696002817431e+01
1.024973532747448735e+00,1.222603797724121577e+01,7.391169680533872521e-02,1.821578626066647999e+01
1.054374351500247053e+00,1.252459382102368934e+01,4.896635433967819195e-02,2.237977018693337428e+01
1.082181434182158952e+00,1.282330231797802966e+01,1.778922428220758301e-02,3.713009006777051724e+01
1.105903050455295578e+00,1.312236298894863751e+01,4.556241454445672523e-02,2.320070288816445370e+01
1.127806342442243315e+00,1.342156233019145262e+01,2.026227003447917188e-02,3.479048303510158036e+01
1.148756567598351541e+00,1.372082991625099879e+01,1.061674509470167740e-02,4.700000000000000000e+01
1.168781636157882664e+00,1.402016083117491085e+01,1.030357287499811432e-02,4.700000000000000000e+01
1.188323645396991868e+00,1.431952367101128587e+01,5.379034597860694530e-03,4.700000000000000000e+01
1.207913442101089307e+00,1.461888338751484717e+01,5.321047116121967267e-04,4.700000000000000000e+01
1.282626607759277837e+00,1.490943104776584960e+01,6.202586219112276034e-01,6.288080647264776779e+00
1.337092478721313649e+00,1.520444540148503165e+01,2.303792613939190381e-01,1.031769812722981428e+01
1.381402636287722530e+00,1.550115504058770810e+01,1.144026391312825686e-01,1.464153083373262909e+01
1.403164212283112056e+00,1.580036472260050218e+01,2.520750293501851091e-01,9.863694092491209986e+00
1.435395026818846897e+00,1.609862832177807945e+01,1.167988818786750288e-01,1.449055986367436155e+01
1.465697550994183196e+00,1.639709399321887062e+01,2.154277087547442140e-02,3.374067190743728872e+01
1.493546559003875895e+00,1.669579858433336383e+01,2.739023928491818652e-02,2.992310075185455531e+01
1.519656390831809922e+00,1.699466021901054447e+01,1.940280134994710332e-02,3.555267553694945803e+01
1.543445602931333482e+00,1.729371552056476347e+01,2.587429913937943499e-02,3.078720125066924851e+01
1.563076709759184224e+00,1.759307253091313328e+01,4.632263085428914295e-02,2.300953804799387115e+01
1.585164847798225196e+00,1.789225828284321551e+01,2.736658280042701327e-02,2.993603116525328289e+01
1.653458352834202616e+00,1.818438153965427517e+01,5.193555808275853725e-01,6.871825246095801809e+00
1.743420566730717658e+00,1.847057518051800429e+01,2.496153309645540719e-01,9.912173159381065801e+00
1.793136024996295319e+00,1.876642712526308188e+01,4.598824558193805867e-01,7.302660101297306028e+00
1.826977914613958642e+00,1.906451222470132123e+01,1.781098154467807004e-01,1.173439170301454482e+01
1.850411300325797148e+00,1.936359561847984523e+01,1.161807580312931992e-01,1.452905624974227372e+01
1.877457286604788500e+00,1.966237398889208876e+01,4.028283050575164753e-02,2.467428169239039093e+01
1.901804865030908731e+00,1.996138434895472002e+01,3.009290991148050667e-02,2.854778488194154917e+01
1.924668864058259432e+00,2.026051180932651263e+01,1.653548490592271145e-02,3.851199711771133849e+01
1.944958250047088333e+00,2.055982492433518871e+01,2.868109013186383519e-02,2.924197361287118468e+01
1.965521783319347016e+00,2.085911932972787497e+01,3.053166393838246256e-03,4.700000000000000000e+01
1.976331175534841611e+00,2.115892452821504577e+01,1.085278466517257540e-01,1.503259354266180381e+01
1.997904042596725827e+00,2.145814787524319911e+01,1.197687802688280068e-01,1.430977135904315567e+01
2.024189769863519395e+00,2.175699409078232094e+01,5.253250548226112010e-02,2.160679994021578310e+01
2.049476518032400829e+00,2.205592649178134934e+01,1.114099964229272981e-02,4.691831728878722885e+01
1.993700831456943101e+00,2.235069601664278593e+01,9.018806047568944662e-01,5.214707872900624430e+00
1.980794387486237040e+00,2.265041826090241983e+01,4.794932241108113002e-01,7.151765581390570503e+00
2.012822331129607623e+00,2.294870371282050669e+01,4.995261411966891441e-01,7.006891582261647322e+00
2.066741900799990095e+00,2.324381840240162589e+01,2.457784367843575679e-01,9.989243947946045310e+00
2.133727573200861372e+00,2.353624432412027900e+01,1.482209366851684196e-01,1.286322100224158760e+01
2.207626422115075204e+00,2.382700016693199885e+01,7.902271361241022807e-02,1.761686143684703154e+01
2.288656522690122319e+00,2.411584982125202359e+01,8.201799321999055092e-02,1.729218760294237711e+01
2.378062204006415215e+00,2.440221780854873401e+01,9.706115163392028955e-02,1.589577797299821960e+01
2.480450847532004843e+00,2.468420462681687511e+01,1.522473417168906107e-01,1.269198788258321464e+01
2.596409357755133041e+00,2.496088788237606693e+01,1.618828488146078215e-01,1.230847049060033882e+01
2.725398910836393629e+00,2.523174152402759773e+01,1.586176691708580111e-01,1.243451143718663054e+01
2.867217790788801235e+00,2.549610378549667544e+01,1.597566222433673411e-01,1.239010746488575876e+01
2.949737035182497635e+00,2.578453154821152538e+01,7.110759650695024359e-01,5.872817542477903885e+00
3.092183045684181675e+00,2.604855642221425072e+01,7.189428344569565033e-01,5.840598172797014875e+00
3.270286614140018422e+00,2.628996710736156928e+01,4.691551346312010651e-01,7.230132747183559694e+00
3.469441216992930954e+00,2.651432718438620029e+01,3.010002433328680671e-01,9.026535295854968055e+00
3.685724770009205287e+00,2.672222481471097311e+01,2.639708843476213374e-01,9.638878242500053872e+00
3.912520034379535883e+00,2.691860176870301302e+01,1.732842019950410206e-01,1.189665925544086988e+01
4.149286470216519973e+00,2.710283437944566032e+01,1.745927654577755506e-01,1.185199299199515366e+01
4.394981088916210865e+00,2.727498011521048582e+01,1.669645471200747744e-01,1.211971412872490639e+01
4.648616930255954571e+00,2.743519515816176479e+01,1.592437560184499223e-01,1.241004344123321346e+01
4.928120399837327525e+00,2.754418052640895098e+01,6.376668274703346517e-01,6.201654899714196922e+00
5.199679493119960583e+00,2.767167820817420676e+01,2.238327380834965741e-01,1.046749360783265104e+01
5.471273536718716635e+00,2.779910142223537051e+01,9.140172818330056506e-04,4.700000000000000000e+01
5.745254699207574589e+00,2.792130748837471543e+01,6.374812418786487966e-02,1.961420919807461871e+01
6.022293020777413908e+00,2.803641512661721436e+01,8.587523267398899929e-02,1.689937116765965541e+01
6.302265167889198771e+00,2.814419080495707703e+01,8.774610421831623153e-02,1.671824118306119544e+01
6.585168432909979330e+00,2.824401937121234241e+01,9.411579594891820999e-02,1.614259118489044198e+01
6.872606782573924100e+00,2.832992161299023692e+01,1.627349227507128571e-01,1.227620485543322104e+01
7.164825530331155434e+00,2.839780536258611221e+01,2.071315757783391831e-01,1.088131426620357090e+01
7.457909872193679846e+00,2.846184885214603000e+01,4.374004338079529736e-02,2.367908428092070139e+01
7.752202167355807028e+00,2.852009011765603930e+01,6.585145563922312206e-02,1.929842286156906894e+01
8.047700135501662189e+00,2.857186801662530584e+01,7.305397495867090030e-02,1.832240937588301222e+01
8.344228417816296428e+00,2.861737601358773730e+01,7.059991471836087051e-02,1.863813357122833025e+01
8.641713193411298732e+00,2.865614208495421522e+01,7.566041753977838236e-02,1.800404713227834819e+01
8.939932250857035356e+00,2.868878245529795379e+01,6.855058766097427148e-02,1.891467645750385529e+01
9.238817472248113560e+00,2.871462088470081042e+01,7.593871389030135144e-02,1.797102669180705092e+01
9.538222609710528488e+00,2.873350377804671396e+01,7.749933855613803935e-02,1.778916281798245436e+01
9.838158404641109911e+00,2.873971013924798612e+01,1.409737146335693636e-01,1.318971575206035318e+01
1.013812796859886767e+01,2.874398339315959205e+01,2.148224687812669634e-02,3.378816889427101700e+01
1.043808838018177987e+01,2.873910984383599043e+01,1.016311979354135309e-01,1.553427487761857684e+01
1.073510511929662137e+01,2.878131241112266281e+01,5.240895648061335566e-01,6.840719011553217932e+00
1.103500491761794500e+01,2.877355928486098691e+01,5.559868712683753156e-01,6.641592716344439928e+00
1.133322738203889379e+01,2.874095005741389386e+01,2.768070182050285655e-01,9.412737762623505589e+00
1.163054604613098597e+01,2.870092991270533744e+01,8.295361614148821783e-02,1.719439291327904229e+01
1.192607349885002499e+01,2.864932056578642872e+01,1.302978762300088800e-01,1.371942277688771661e+01
1.211910822721526770e+01,2.841967389447382786e+01,2.282570768113847848e+00,3.277874958406598260e+00
1.235824274712265947e+01,2.823852566404178432e+01,7.434727944306858127e-01,5.743438399031283836e+00
1.262723003364004093e+01,2.810568801993434107e+01,6.309996405173174949e-01,6.234332371158034292e+00
1.290190856877043402e+01,2.798505758290196610e+01,1.496523606742244938e-01,1.280155487057463404e+01
1.314926945224040367e+01,2.781531485602108944e+01,6.244277485316083176e-01,6.267053626890088935e+00
1.340885671833977710e+01,2.766493383567924980e+01,2.544323413677584966e-01,9.817894269339523916e+00
1.366908463909219584e+01,2.751566418283288940e+01,1.425333443529160082e-02,4.148071850017318951e+01
1.392729041548750502e+01,2.736292330082648050e+01,4.463639062702423610e-02,2.344012769374694116e+01
1.418467170529421750e+01,2.720879714581885978e+01,1.791185352216361978e-02,3.700277061783475574e+01
1.443684751900088692e+01,2.704629373360428701e+01,1.095870023266964505e-01,1.495977233872640788e+01
1.468465862962712265e+01,2.687720898133433423e+01,8.774589428318245454e-02,1.671826118253882498e+01
1.492833214276996046e+01,2.670221407000081371e+01,8.016163693423908332e-02,1.749126499607385199e+01
1.517153329047668819e+01,2.652656327508621459e+01,8.980860149893259495e-03,4.700000000000000000e+01
1.540394414187306005e+01,2.633686563104914669e+01,1.968092592718717893e-01,1.116302107415255307e+01
1.562969003499634901e+01,2.613928326407787850e+01,1.147140968502214781e-01,1.462164087484149810e+01
1.585230821613170704e+01,2.593818342462497029e+01,5.229922802187483843e-02,2.165493421994563761e+01
1.606986377677689148e+01,2.573161726565317764e+01,8.278394854710006967e-02,1.721200404490111069e+01
1.628342671047053969e+01,2.552092584828606547e+01,6.378864290168724527e-02,1.960797870986444025e+01
1.649296581035402554e+01,2.530623219300017013e+01,6.305900322494824295e-02,1.972109191543550821e+01
1.670168113708849944e+01,2.509073761676651415e+01,1.276606499765751968e-02,4.383045533656644466e+01
1.690531212872598132e+01,2.487043233030080813e+01,7.777253658166939643e-02,1.775789059848263918e+01
1.715281105036113729e+01,2.470089093774596734e+01,7.454692951650455646e-01,5.735742262599073271e+00
1.737124282938535913e+01,2.449525154970876883e+01,5.149570349342030839e-01,6.901110959605230910e+00
1.757320353799008217e+01,2.427341405923459661e+01,2.566822225499532095e-01,9.774771468108626848e+00
1.776673530762801434e+01,2.404418610687972091e+01,1.245564668992427959e-01,1.403205788703112944e+01
1.794752911096975012e+01,2.380478351567981221e+01,1.811414633700507704e-01,1.163578189444430500e+01
1.812567133576099465e+01,2.356340135447806716e+01,3.676680971313963514e-02,2.582715294155940811e+01
1.829887253188448426e+01,2.331844963339533550e+01,6.772814397529836050e-02,1.902917328105670336e+01
1.846911313298289770e+01,2.307143113664326961e+01,4.011816584597537733e-02,2.472486752464346793e+01
1.864354570507735076e+01,2.282735475967795580e+01,5.690439206204161993e-02,2.076020386986082400e+01
1.881092892637366987e+01,2.257839119361161906e+01,9.530844273901001307e-02,1.604127267728223671e+01
1.896739377274783322e+01,2.232242488362315669e+01,1.441232897191574158e-01,1.304479999159338455e+01
1.912036866297742321e+01,2.206435767733912456e+01,4.526132507576400427e-02,2.327774336897082108e+01
1.926088799573918919e+01,2.179930236778998776e+01,1.586884902039385481e-01,1.243173643056804956e+01
1.930309072338269516e+01,2.150228565145999937e+01,1.148680744383473229e+00,4.620668770759673194e+00
1.938657164378721021e+01,2.121413476055661462e+01,4.691063290074017345e-01,7.230508847375984871e+00
1.950355376786935580e+01,2.093788273315187354e+01,3.950173617702459894e-01,7.879459288657899130e+00
1.963138326392526878e+01,2.066647967506650119e+01,1.320203791776742852e-01,1.362962855101411819e+01
1.976223718529906392e+01,2.039652180564777240e+01,3.724413747151639198e-02,2.566111645155141829e+01
1.988844234854415660e+01,2.012435961729259404e+01,5.716553191066248846e-02,2.071273188960989842e+01
2.001437080599016838e+01,1.985206928767130918e+01,3.388183593830980389e-03,4.700000000000000000e+01
2.013931743575226463e+01,1.957932702891573129e+01,1.200938698318034480e-02,4.519018177709082806e+01
2.026308599189636084e+01,1.930604815210670111e+01,1.438370298988150484e-02,4.129230767519673861e+01
2.038584937975558375e+01,1.903231625662989401e+01,1.225041795371642137e-02,4.474340746619100884e+01
2.050630026331145572e+01,1.875755893707205146e+01,2.810731353106170685e-02,2.953893539377262911e+01
2.062577455284507266e+01,1.848237555432440615e+01,1.183876101894738506e-02,4.551466820160922566e+01
2.074386012390057843e+01,1.820659339770709551e+01,1.680339897440414135e-02,3.820374507011002407e+01
2.086029235706067553e+01,1.793010915750278755e+01,1.995812764759096261e-02,3.505456724629989651e+01
2.097512889121472313e+01,1.765295834941541031e+01,1.921473219723935158e-02,3.572624235944193316e+01
2.105678858267194542e+01,1.736428605287292726e+01,3.902274720526362484e-01,7.927670438352183879e+00
2.115334939445762785e+01,1.708025082684050489e+01,1.733994923449261594e-01,1.189270365543120000e+01
2.125359708143891879e+01,1.679749580698250000e+01,4.336462766989820916e-02,2.378136053751462242e+01
2.135497034667413629e+01,1.651514237403798901e+01,1.327858414537677091e-02,4.297626045568640052e+01
2.145677260113167151e+01,1.623294332905845039e+01,5.065830787920172149e-03,4.700000000000000000e+01
2.155683821008925349e+01,1.595012382141453244e+01,2.049062269838432954e-02,3.459608295093721608e+01
2.165564762387805331e+01,1.566686298799996813e+01,1.479403757812540986e-02,4.071562907890170635e+01
2.175265115952324280e+01,1.538297865579346535e+01,2.122759272720564985e-02,3.399023245631877899e+01
2.184860529479922420e+01,1.509873790585876918e+01,1.231417296363398681e-02,4.462743060579570908e+01
2.194210131424812360e+01,1.481367914990271828e+01,2.878499967370957979e-02,2.918914632041786916e+01
2.205667276276466993e+01,1.453641865292411772e+01,2.496878430085631151e-01,9.910733753844525040e+00
2.215489773352228653e+01,1.425295462501287602e+01,1.942669447478064804e-01,1.123582724140862688e+01
2.224307856518642978e+01,1.396620710379077401e+01,1.174135134562674931e-01,1.445258279581810612e+01
2.232453282537668926e+01,1.367747677373025361e+01,7.791915300686030887e-02,1.774117568144612278e+01
2.230293158302715284e+01,1.337825547380500346e+01,1.150979027837849999e+00,4.616053172667188065e+00
2.234970903791468899e+01,1.308192479750866610e+01,7.604418745332294227e-01,5.678995128722386987e+00
2.241374303734267670e+01,1.278883838206561485e+01,1.950984423755129371e-01,1.121185847156471027e+01
2.248460734902398528e+01,1.249732809180138737e+01,7.788669838193182371e-02,1.774487158361028705e+01
2.255819936432790129e+01,1.220649443610881058e+01,3.122637654482494918e-02,2.802487678520579095e+01
2.263179326131643521e+01,1.191566125656073893e+01,2.156639590771753217e-05,4.700000000000000000e+01
2.273370054808626151e+01,1.163350012368944419e+01,3.290188246465909350e-01,8.633643955288068383e+00
2.281009162357676345e+01,1.134338910427548974e+01,2.969552766119510911e-01,9.087804686484792782e+00
2.287243683059599775e+01,1.104993881008287993e+01,1.604150393027772847e-01,1.236465397161785873e+01
2.292496155235417277e+01,1.075457267525319693e+01,1.111735247534673260e-01,1.485264566822779564e+01
2.296935971386603015e+01,1.045787619186593709e+01,9.149702060974491957e-02,1.637197345334782739e+01
2.300609229132219369e+01,1.016013348791934590e+01,8.596278004052347599e-02,1.689076353348964687e+01
2.306500855651252024e+01,9.865975581862032939e+00,2.496829538755894473e-01,9.910830786215450772e+00
2.309757339818046518e+01,9.567748267406864571e+00,2.962643144146672181e-01,9.098396027075507320e+00
2.311470395729398675e+01,9.268237760171379236e+00,1.720836939934779486e-01,1.193808448247975207e+01
2.312126295840964829e+01,8.968309469567833148e+00,1.175534453941524116e-01,1.444397828357442570e+01
2.314425637256855950e+01,8.669191929284224329e+00,1.828266561316049810e-01,1.158203171820947652e+01
2.315051077941732416e+01,8.369257132378345787e+00,1.862105121337458147e-01,1.147631369388110478e+01
2.314332428969578359e+01,8.069343220787899895e+00,1.493434755194484875e-01,1.281478667646769942e+01
2.312357752915206532e+01,7.769993817167266670e+00,1.396994447412659990e-01,1.324973426043302460e+01
2.309495210411961708e+01,7.471362631518962516e+00,9.897407077768015371e-02,1.574141582915309456e+01
2.305255943340234737e+01,7.174372965925263301e+00,1.540529177302674135e-01,1.261739048659791429e+01
2.299726799343711647e+01,6.879512224783667307e+00,1.452586315979861875e-01,1.299372089023273524e+01
2.292723176921726846e+01,6.587801876497859865e+00,1.675287474358514439e-01,1.209928863896064222e+01
2.284230550624619482e+01,6.300073654285007763e+00,1.712591646908542820e-01,1.196678800107260443e+01
2.276193179391436416e+01,6.011040669374979828e+00,5.262037700749786634e-02,2.158875164912583955e+01
2.264479611494201095e+01,5.734853716910374821e+00,4.326865173879966830e-01,7.528662464474451532e+00
2.249308563130857763e+01,5.476041180205311498e+00,4.299422069025151116e-01,7.552651877671258340e+00
2.234542415257536518e+01,5.214897373657422897e+00,5.191310375055013804e-02,2.173531859945674327e+01
2.219169896396358155e+01,4.957276399382672949e+00,7.791965212438695110e-02,1.774111886044099151e+01
2.202760836806270461e+01,4.706130473003415027e+00,1.357957405456795830e-01,1.343882919350561345e+01
2.185646733586601087e+01,4.459734963509734307e+00,9.446085644849840091e-02,1.611308019491449883e+01
2.167380589923656231e+01,4.221754292932342167e+00,1.585151907980410502e-01,1.243853017699558627e+01
2.148466440053150350e+01,3.988890612922761481e+00,9.174225635910614185e-02,1.635007689202336678e+01
2.129237808065508020e+01,3.758616925349948179e+00,4.526732806828977912e-02,2.327619986332995339e+01
2.109493858247948239e+01,3.532746067202713114e+00,7.531018452393559159e-02,1.804586284178098410e+01
2.088982894866902740e+01,3.313816767842987510e+00,1.149429375645905776e-01,1.460707845856344100e+01
2.067733124039978776e+01,3.102051038839636732e+00,1.143421249505516130e-01,1.464540474741746401e+01
2.046036031103874819e+01,2.894870885803186855e+00,7.117810549447926849e-02,1.856227898950645994e+01
2.016960475327710611e+01,2.820970915365323961e+00,1.692677711432741372e+00,3.806425816342084545e+00
1.990838044834501019e+01,2.673451891125251390e+00,8.813471714338554364e-01,5.275103686959083049e+00
1.966887356531746889e+01,2.492796271277898157e+00,4.402132455505514130e-01,7.464022760969140080e+00
1.944153679091639830e+01,2.297046453896331997e+00,2.154370645638523374e-01,1.066950562075274078e+01
1.922168993163366579e+01,2.092920614122139700e+00,1.248488367971826857e-01,1.401561818249076730e+01
1.901760729665736349e+01,1.873033647475341734e+00,2.476865522842056078e-01,9.950692232669821280e+00
1.880520359601999658e+01,1.661173627755829107e+00,1.284629027054112471e-01,1.381705996956572235e+01
1.859135381134032627e+01,1.450773367317637508e+00,2.283071414210856298e-02,3.277515542299580886e+01
1.838056424679727385e+01,1.237307305659699708e+00,4.813058933830499653e-02,2.257324100047696902e+01
1.816956137860415055e+01,1.024052083884767983e+00,3.332442538423044560e-03,4.700000000000000000e+01
1.795308595519689732e+01,8.163542479291396869e-01,8.666196405790635438e-02,1.682248866389269182e+01
1.774323947557141068e+01,6.019610227824695459e-01,1.046871483153491295e-01,1.530586305033174810e+01
1.754049977885840406e+01,3.808352319377154016e-01,1.087719350628322118e-01,1.501571721015058358e+01
1.734075554004948572e+01,1.569999374405198767e-01,4.487868159242772159e-02,2.337676779635581426e+01
1.714534889036807996e+01,-7.063187329842054996e-02,6.404879988730381724e-02,1.956811579886710462e+01
1.695351095906728389e+01,-3.012792407540914041e-01,5.191319106332835387e-02,2.173530032113661647e+01
1.675937260185419930e+01,-5.299936877367970034e-01,3.338540549946088926e-02,2.710355013290918436e+01
1.657790138056852669e+01,-7.688831932515558520e-01,1.805301345298968019e-01,1.165546635685727495e+01
1.640480922148773146e+01,-1.013911976182762409e+00,1.154162678850987334e-01,1.457709535261968092e+01
1.623905463763759727e+01,-1.263962806880581047e+00,9.879582014687611491e-02,1.575561001675020734e+01
1.607998405938018394e+01,-1.518317974181842001e+00,8.833385349898005556e-02,1.666252905488843794e+01
1.593015572203749031e+01,-1.778224629212304730e+00,1.197930484665006151e-01,1.430832181771247846e+01
1.578587469579503022e+01,-2.041251216207655261e+00,7.071647083902624087e-02,1.862276738849644175e+01
1.564820964699307559e+01,-2.307800150436166930e+00,8.328004779660858059e-02,1.716066151428326592e+01
1.548595019061449918e+01,-2.560133003659303075e+00,3.156380649556515539e-01,8.814746394520627248e+00
1.534311531603086287e+01,-2.823947708713204552e+00,2.507143619349960217e-01,9.890423806980875199e+00
1.521651628060937789e+01,-3.095926906870618112e+00,2.019232897177076491e-01,1.102075382452911434e+01
1.510165783947519991e+01,-3.373068636857689206e+00,1.425054857559366062e-01,1.311863704647013229e+01
1.499710366731646083e+01,-3.654259719725195588e+00,1.230152142896211859e-01,1.411968780438312265e+01
1.491707009447659971e+01,-3.943387074395221070e+00,2.863659493087772900e-01,9.254305236767322640e+00
1.483736496139436056e+01,-4.232605143955790794e+00,3.785969316435488195e-03,4.700000000000000000e+01
1.476304379811621459e+01,-4.523253324216709004e+00,6.189631659663432511e-02,1.990545482765513441e+01
1.469674253187928592e+01,-4.815835179592909299e+00,9.166353395526136150e-02,1.635709626531602723e+01
1.463712612542104985e+01,-5.109851988773960407e+00,7.596818915393903360e-02,1.796754002096668401e+01
1.458646977212857543e+01,-5.405544284701852220e+00,1.012817903588364710e-01,1.556104731174028188e+01
1.465505256712135917e+01,-5.697599759279847298e+00,1.325495525944668795e+00,4.301454911748683330e+00
1.468033850090808379e+01,-5.996532229166498418e+00,4.871067587462523107e-01,7.095654001170481173e+00
1.467267713349381708e+01,-6.296434385626474395e+00,3.662396416567779145e-01,8.183174887216322801e+00
1.465931934043445750e+01,-6.596136853692026847e+00,6.333249569135190882e-02,1.967846446597976851e+01
1.465144615927760796e+01,-6.896033524261193648e+00,6.097832273571993783e-02,2.005472775483699621e+01
1.464818620718958542e+01,-7.196015811592268996e+00,5.126692755244830618e-02,2.187186731698209385e+01
1.465231350245197994e+01,-7.495987419305094157e+00,8.208061188973016231e-02,1.728559030574851363e+01
1.466588016637466119e+01,-7.795680505027819507e+00,1.049275206657190040e-01,1.528832134281765676e+01
1.471995764398943329e+01,-8.090766300034667680e+00,4.530218365728477803e-01,7.357748516658205062e+00
1.476205869961289174e+01,-8.387797445060556356e+00,1.348154066783309180e-01,1.348760209032087865e+01
1.479620087393636396e+01,-8.685848299668400330e+00,8.915487923392449721e-02,1.658562913250839443e+01
1.482875745388522581e+01,-8.984076516143691293e+00,1.772759149861275960e-02,3.719457838907177916e+01
1.486218564507496076e+01,-9.282208292433610453e+00,9.743670718787659016e-03,4.700000000000000000e+01
1.490799253344066422e+01,-9.578690549876196059e+00,1.387568511052948150e-01,1.329466168843784679e+01
1.495721713067078440e+01,-9.874624561148189983e+00,3.846002854564287837e-02,2.525222829231929111e+01
1.500872784780243130e+01,-1.017016922109078436e+01,2.576709228204394561e-02,3.085118156036137904e+01
1.506686133250338422e+01,-1.046448282586726108e+01,7.484679586805838281e-02,1.810163907730739297e+01
1.512917294940182700e+01,-1.075794025446551849e+01,4.738836955275604890e-02,2.274933074046631987e+01
1.519904558985093423e+01,-1.104968982878683548e+01,8.612784308053174354e-02,1.687457029230957417e+01
1.527701415400403384e+01,-1.133938087629073088e+01,9.281703313169521741e-02,1.625513822737418934e+01
1.536423724533246116e+01,-1.162642117370402595e+01,1.069629849912127756e-01,1.514215721354108801e+01
1.545942582264691545e+01,-1.191091921367767803e+01,9.290379989518192383e-02,1.624754577583412285e+01
1.556118843001465279e+01,-1.219313255804983953e+01,7.733022434122067967e-02,1.780860384088600412e+01
1.554411388294213481e+01,-1.249264626364988118e+01,1.334331652836731053e+00,4.287188842878266293e+00
1.562515771306230583e+01,-1.278149206611107758e+01,1.096628959179857699e+00,4.729058134749950959e+00
1.575450826585797692e+01,-1.305217349231438106e+01,5.734328101131975775e-01,6.539781506811510603e+00
