step,x,y
0,0.359375,-16.65625
1,0.01863184412435992,-16.044781193171794
2,-0.06327426381714477,-15.349589572478711
3,-0.07524277788970193,-14.649691898049873
4,-0.027405407771102293,-13.951328392402466
5,-0.022164598827729684,-13.25134801130481
6,-0.02391118997852857,-12.551350190294379
7,-0.028716178405666752,-11.851366681855634
8,-0.032877870295684515,-11.151379053164517
9,-0.033088298794835214,-10.451379084793198
10,-0.029586119006713346,-9.751387845750356
11,-0.024944101792309874,-9.051403237579446
12,-0.020194958817863373,-8.35141934802126
13,-0.016339817683512937,-7.6514299638968755
14,-0.011909985487420654,-6.951443980760988
15,-0.0055444555438978705,-6.25147292419612
16,0.001608106998547778,-5.551509467400641
17,-0.016642482423410463,-4.851747424999261
18,-0.007158763888500074,-4.151811671459873
19,-0.0036143663211461704,-3.451820644913186
20,-0.0072760403669189875,-2.7518302220192847
21,-0.01088792225072508,-2.0518395404318386
22,-0.010815624724317907,-1.3518395441653617
23,-0.005711167611385506,-0.6518581554716463
24,0.013511370824201696,0.047877861906402086
25,0.08179949802026906,0.7445389930771125
26,0.15290355105652517,1.440918353513518
27,0.26791358809218724,2.1314056389728924
28,0.4330129695683971,2.8116572058480984
29,0.6509270018997336,3.4768740686177497
30,0.9210194217668193,4.12266821904832
31,1.2410621543346076,4.745221549559484
32,1.6090214419321378,5.340709553360331
33,2.0227651136345117,5.9053476446420285
34,2.4799424397267034,6.435431498864352
35,2.977803686095729,6.927502814187528
36,3.5130776325439568,7.378592386505199
37,4.0819519560178215,7.786491888946858
38,4.680442878232851,8.149546452375281
39,5.304754626871139,8.466145316100665
40,5.951215563671665,8.734637880599175
41,6.61617359263827,8.953340463375072
42,7.295897377367874,9.120599473514625
43,7.986495267135025,9.234943492375072
44,8.683883572252409,9.295355013507246
45,9.383856348754009,9.301528517912475
46,10.08222817607956,9.253812788870903
47,10.774887266257767,9.152702033787685
48,11.456977007954002,8.995369315407926
49,12.125933603752706,8.789221133418833
50,12.77700084820731,8.53209967729685
51,13.406172252041184,8.225271802751998
52,14.009725499025748,7.870696735869977
53,14.58431119123505,7.470882676201789
54,15.126766898017284,7.028455500070635
55,15.633957275058052,6.546005584082205
56,16.102757463818783,6.026172550293563
57,16.53009273185639,5.471749815648574
58,16.913078596210802,4.8858131060077605
59,17.24925795254048,4.271823333798348
60,17.536835205428154,3.6336232682847376
61,17.774506098263544,2.97520657142869
62,17.961048431587407,2.300520008735991
63,18.095290920193825,1.6135127640487494
64,18.176174766589416,0.9182014644194003
65,18.20289939839051,0.21871179755140724
66,18.1751364206,-0.4807374265272272
67,18.09325901682227,-1.1759324284875536
68,17.958337735362033,-1.8628066875838805
69,17.771575783148748,-2.5374324899406266
70,17.534133463412438,-3.1959316507588005
71,17.24719931001997,-3.834421111609132
72,16.912086976254837,-4.44899390937884
73,16.530365301464318,-5.035754987668056
74,16.10404377154389,-5.590957611154566
75,15.635726613979916,-6.111225849596237
76,15.128604644545797,-6.593747670985967
77,14.586010156774687,-7.036004634572078
78,14.011214432080417,-7.43551668053964
79,13.407515582767871,-7.78984378836334
80,12.776797903340826,-8.093480427881966
81,12.125689350826212,-8.350497261654239
82,11.456639602508597,-8.556342918096478
83,10.773691214386153,-8.709905606145869
84,10.080986048745997,-8.810700216594267
85,9.38260842115043,-8.858330976340321
86,8.682633160022949,-8.852445926679017
87,7.985179153213533,-8.792797721463003
88,7.2944290584702625,-8.679376794768842
89,6.614579887362309,-8.512628167956422
90,5.949713889015724,-8.293645967212619
91,5.303668662081515,-8.02415465982864
92,4.680135505367159,-7.706025122567747
93,4.082763339968174,-7.341132678131681
94,3.5151819616444193,-6.931435986687746
95,2.9809698214709384,-6.479089449958139
96,2.483538233834562,-5.9865837996133395
97,2.025919238996389,-5.45688118912015
98,1.6105387984535813,-4.893446108907297
99,1.2394151458337852,-4.2999250608676
100,0.9145219858973115,-3.6798892275269024
101,0.637822510145886,-3.0368982477154542
102,0.41122966380200104,-2.3745873826484702
103,0.23651046799834907,-1.696742855771012
104,0.11510177140728244,-1.0073518720817427
105,0.04786977719702304,-0.310588024745709
106,0.034870252533443016,0.38929125938729137
107,0.07553928084655437,1.0881088537107797
108,0.16928613045736732,1.7818029708748564
109,0.3155391403004503,2.4663539602918894
110,0.5136905798999458,3.1377227166282617
111,0.7631382311751441,3.7917684866423236
112,1.062395722945165,4.42457568762815
113,1.4129101869457172,5.030496153140255
114,1.8063469619247638,5.609467226764911
115,2.242957151776184,6.1566157825684575
116,2.7204156227806244,6.668507771630703
117,3.2364796509412894,7.141453771548863
118,3.7871359291873943,7.573631585912521
119,4.369633864010939,7.9618276136179915
120,4.980408646497273,8.303813234775914
121,5.615595457703597,8.597986168387322
122,6.271311274880846,8.843010181707593
123,6.943761580194787,9.037459627279413
124,7.628928964621357,9.18079718452821
125,8.323217486903284,9.27003533683751
126,9.022348662892323,9.304900774740723
127,9.722040445467963,9.284130377630328
128,10.418042393938409,9.209422361157241
129,11.10607764504098,9.080552297759175
130,11.782197421131201,8.899273373502357
131,12.442619790360485,8.667233949650331
132,13.08349035913902,8.385658179965729
133,13.701217773996675,8.056397127101473
134,14.29263664719385,7.681932554109336
135,14.854184149245697,7.264003848539437
136,15.382474048643331,6.804754698083569
137,15.87379993428348,6.3061577926580314
138,16.325927875199437,5.771760632258485
139,16.73508621883493,5.20379104695179
140,17.09801337490911,4.605222855862499
141,17.411556022744595,3.979370630502299
142,17.673546990979236,3.3302475816406254
143,17.88076693451448,2.6616222044664926
144,18.033408480301606,1.9784673475711347
145,18.132220969195515,1.285476660737184
146,18.17837411717028,0.5869998272401669
147,18.169259625573805,-0.11294083170381664
148,18.11300967716455,-0.8106771309630396
149,18.00720499415219,-1.502634766264981
150,17.850787040248647,-2.184934864239933
151,17.646378440202273,-2.8544250614998194
152,17.39074587805881,-3.5060783383057976
153,17.1007572182971,-4.1431863175444885
154,16.740800310894322,-4.743545397440034
155,16.33079546847499,-5.310904216171792
156,15.88864385939588,-5.853584559089016
157,15.41439112416928,-6.368447980910849
158,14.882169231305172,-6.823134528717298
159,14.32046396948584,-7.240851177708544
160,13.743814633529725,-7.637683060678364
161,13.113975797480517,-7.94313852486943
162,12.477001584072607,-8.233420889909702
163,11.819464861139505,-8.473515575386905
164,11.14621868236863,-8.665191298342148
165,10.458468393380953,-8.795573582404687
166,9.762525254692207,-8.870827470756442
167,9.062889800694968,-8.8934157754754
168,8.363565082830414,-8.862675915624376
169,7.668901897889596,-8.776402747791733
170,6.981805487412531,-8.64261738719674
171,6.310168888696009,-8.445375709895766
172,5.6502363168267555,-8.211946918642347
173,5.018004662598543,-7.9114753968772105
174,4.39965651685985,-7.583381552586403
175,3.8168101179928735,-7.195708913201319
176,3.2554347861313797,-6.777548971579219
177,2.731553402626555,-6.313277180472899
178,2.246810477522376,-5.808277876947197
179,1.797188763672167,-5.271770361217547
180,1.3894240968541751,-4.702799380854917
181,1.0531960683629258,-4.088836260743548
182,0.7527909507262636,-3.456573051867922
183,0.5114967838116076,-2.7994755514823533
184,0.32783773164602814,-2.1239984219230754
185,0.1876471437965772,-1.438180225111103
186,0.0816842975413065,-0.7462467924649546
187,-0.0028837359408302177,-0.05137396401865224
188,-0.07696334950098713,0.6446951495431965
189,-0.18336064847647132,1.3365619103943893
190,-0.2860151066381105,2.028993901437221
191,-0.43291866009448965,2.7134055801671275
192,-0.631424313665769,3.3846696902610898
193,-0.8852454035364437,4.037030674944312
194,-1.1938589251845917,4.6653281317718305
195,-1.554449066300967,5.2653070898442556
196,-1.963855912131191,5.833097574607207
197,-2.421602346208802,6.3626900614206345
198,-2.916753666374826,6.857488171903935
199,-3.4484107933889434,7.312834962048649
200,-4.012539229283862,7.727273266039427
201,-4.606574029131252,8.097574031053856
202,-5.2267714267446825,8.422158670236811
203,-5.8682395622570205,8.702370431450229
204,-6.530621969268412,8.928754059130755
205,-7.208302922074953,9.104106635967307
206,-7.898023422781462,9.223629148094366
207,-8.594574806943397,9.293027773600139
208,-9.29440017575672,9.308662771690788
209,-9.993334986828893,9.270060571345383
210,-10.687040030467603,9.176394609383655
211,-11.371517240166629,9.029796691926975
212,-12.04257824148065,8.830605496048682
213,-12.69639319488121,8.580553488038703
214,-13.32939255456063,8.28170267133337
215,-13.937999681683092,7.935874151954554
216,-14.519056526656465,7.545524381992292
217,-15.067936747055246,7.111093140418915
218,-15.581422178734375,6.635348764253208
219,-16.055965931349963,6.120753557461
220,-16.487924385184314,5.569925186585791
221,-16.87609094614969,4.987407615221362
222,-17.217703811494584,4.376424268287215
223,-17.511588861789267,3.741104209408786
224,-17.756604638615617,3.0853853145260928
225,-17.95020924621734,2.4126912860737937
226,-18.094681395031834,1.727762239955203
227,-18.186572718576922,1.0338198902912472
228,-18.226088068131116,0.33493611086178454
229,-18.212067544249877,-0.36492346427461075
230,-18.14542771046092,-1.0617441962800385
231,-18.025052856619297,-1.7513164510602088
232,-17.85088881752629,-2.4293038310952726
233,-17.62392409514517,-3.09148735157465
234,-17.34270679120377,-3.7325152978951905
235,-17.00953368320932,-4.348141548236515
236,-16.62751974596986,-4.934712389443956
237,-16.200145557115942,-5.4891051227129415
238,-15.728972314438835,-6.00678820664088
239,-15.222889102905341,-6.490399396548584
240,-14.683085690116078,-6.93605876820037
241,-14.112618942135452,-7.341728201912609
242,-13.514408325145213,-7.705244443255633
243,-12.891564091564929,-8.024720671942195
244,-12.246862728176202,-8.297411251252734
245,-11.583438377497458,-8.520722986113418
246,-10.904783004338828,-8.692265646938413
247,-10.214662973876791,-8.809459262613835
248,-9.517336900534358,-8.870584931827546
249,-8.817347874311924,-8.874504519582556
250,-8.11938065356764,-8.821196370425971
251,-7.427947024071872,-8.712019742880017
252,-6.747128584457365,-8.549273768180585
253,-6.080683824824406,-8.33514440924593
254,-5.432218943911006,-8.071528593669605
255,-4.805316902132529,-7.760090269094775
256,-4.203617178693228,-7.402378873116022
257,-3.6308268455249433,-6.9999969224410865
258,-3.0905975357104447,-6.554853919780873
259,-2.5863098091700607,-6.069370769856254
260,-2.1209100627209456,-5.546491169943329
261,-1.6971060728826417,-4.989364453480068
262,-1.317464236909815,-4.401255555078436
